tier,case_id,topology,size_description,method,n_runs,n_ok,ok_rate,rel_error_mean,rel_error_std,RMSE_mean,RMSE_std,NMSE_mean,NMSE_std,NMSE_dB_mean,NMSE_dB_std,contract_time_sec_mean,contract_time_sec_std,emit_time_sec_mean,emit_time_sec_std,total_time_sec_mean,total_time_sec_std,speedup_vs_exact_mean,speedup_vs_exact_std,t_contract_ratio_mean,t_contract_ratio_std,num_blocks_mean,num_blocks_std,refined_blocks_mean,refined_blocks_std,mean_rank_mean,mean_rank_std,max_rank_mean,max_rank_std,peak_rank_mean,peak_rank_std,num_exact_merges_mean,num_exact_merges_std,num_compressed_merges_mean,num_compressed_merges_std,num_exact_leaves_mean,num_exact_leaves_std,num_compressed_leaves_mean,num_compressed_leaves_std,mean_leaf_residual_ratio_mean,mean_leaf_residual_ratio_std,mean_merge_residual_ratio_mean,mean_merge_residual_ratio_std,cache_requests_mean,cache_requests_std,cache_hits_mean,cache_hits_std,cache_misses_mean,cache_misses_std,cache_hit_rate_mean,cache_hit_rate_std,num_cached_states_mean,num_cached_states_std
ablation_probe,ablate_grid2d_3x3,grid2d,"grid_shape=[3,3], phys_dim=3, bond_dim=4, open_legs_per_node=1",ASTNC-L2,1,1,1.0,0.004461158998039453,0.0,9.539491641350845e-09,0.0,1.9901939738467393e-05,0.0,-47.011045931049495,0.0,0.4527498999987074,0.0,0.0001551000004837988,0.0,0.4529049999991912,0.0,69.5561967741293,0.0,0.9996575440732963,0.0,9.0,0.0,0.0,0.0,1.0,0.0,16.0,0.0,64.0,0.0,30.0,0.0,36.0,0.0,13.0,0.0,0.0,0.0,0.0,0.0,0.00047029083613557234,0.0,141.0,0.0,62.0,0.0,79.0,0.0,0.4397163120567376,0.0,79.0,0.0
ablation_probe,ablate_grid2d_3x3,grid2d,"grid_shape=[3,3], phys_dim=3, bond_dim=4, open_legs_per_node=1",ASTNC-L2-no-blockwise,1,1,1.0,0.010290543385193982,0.0,2.2004719547354733e-08,0.0,0.00010589528386852508,0.0,-39.751233811152126,0.0,0.9651024000004327,0.0,6.77000002724526e-05,0.0,0.9651701000007051,0.0,11.524322293013677,0.0,0.9999298569223474,0.0,1.0,0.0,0.0,0.0,1.0,0.0,16.0,0.0,223.0,0.0,3.0,0.0,5.0,0.0,9.0,0.0,0.0,0.0,0.0,0.0,0.0013626767873963549,0.0,17.0,0.0,0.0,0.0,17.0,0.0,0.0,0.0,17.0,0.0
ablation_probe,ablate_grid2d_3x3,grid2d,"grid_shape=[3,3], phys_dim=3, bond_dim=4, open_legs_per_node=1",ASTNC-L2-no-cache,1,1,1.0,0.004461158998039453,0.0,9.539491641350845e-09,0.0,1.9901939738467393e-05,0.0,-47.011045931049495,0.0,0.21301020000009885,0.0,9.820000059335143e-05,0.0,0.2131084000006922,0.0,147.2273669163286,0.0,0.9995392016382622,0.0,9.0,0.0,0.0,0.0,1.0,0.0,16.0,0.0,64.0,0.0,36.0,0.0,36.0,0.0,81.0,0.0,0.0,0.0,0.0,0.0,0.0004310999331242746,0.0,0.0,0.0,0.0,0.0,0.0,0.0,0.0,0.0,0.0,0.0
ablation_probe,ablate_grid2d_3x3,grid2d,"grid_shape=[3,3], phys_dim=3, bond_dim=4, open_legs_per_node=1",ASTNC-L2-no-implicit,1,1,1.0,0.00446115899803946,0.0,9.539491641350858e-09,0.0,1.990193973846745e-05,0.0,-47.01104593104947,0.0,2.77147819999891,0.0,0.00014390000023922767,0.0,2.771622099999149,0.0,11.626345705642123,0.0,0.9999480809446427,0.0,9.0,0.0,0.0,0.0,1.0,0.0,16.0,0.0,64.0,0.0,30.0,0.0,36.0,0.0,13.0,0.0,0.0,0.0,0.0,0.0,0.0004702902284434588,0.0,141.0,0.0,62.0,0.0,79.0,0.0,0.4397163120567376,0.0,79.0,0.0
ablation_probe,ablate_ring_8,ring,"num_nodes=8, phys_dim=3, bond_dim=4, open_legs_per_node=1",ASTNC-L2,1,1,1.0,4.273663529339475e-15,0.0,2.1541594773098242e-19,0.0,1.8264199970953154e-29,0.0,-287.38399346491207,0.0,0.04836419999901409,0.0,3.0900000183464726e-05,0.0,0.048395099999197555,0.0,33.75055739098781,0.0,0.999361505582521,0.0,9.0,0.0,0.0,0.0,1.0,0.0,16.0,0.0,16.0,0.0,27.0,0.0,36.0,0.0,12.0,0.0,0.0,0.0,0.0,0.0,2.6375446901360654e-09,0.0,135.0,0.0,60.0,0.0,75.0,0.0,0.4444444444444444,0.0,75.0,0.0
ablation_probe,ablate_ring_8,ring,"num_nodes=8, phys_dim=3, bond_dim=4, open_legs_per_node=1",ASTNC-L2-no-blockwise,1,1,1.0,8.2249650560152e-15,0.0,4.1458309256965985e-19,0.0,6.765005020580983e-29,0.0,-281.6973187675892,0.0,0.029069000000163214,0.0,1.2699999842880061e-05,0.0,0.029081700000006094,0.0,15.58266538697574,0.0,0.999563299227953,0.0,1.0,0.0,0.0,0.0,1.0,0.0,16.0,0.0,16.0,0.0,1.0,0.0,6.0,0.0,8.0,0.0,0.0,0.0,0.0,0.0,2.69861268983621e-09,0.0,15.0,0.0,0.0,0.0,15.0,0.0,0.0,0.0,15.0,0.0
ablation_probe,ablate_ring_8,ring,"num_nodes=8, phys_dim=3, bond_dim=4, open_legs_per_node=1",ASTNC-L2-no-cache,1,1,1.0,4.273663529339475e-15,0.0,2.1541594773098242e-19,0.0,1.8264199970953154e-29,0.0,-287.38399346491207,0.0,0.056775599999127735,0.0,3.390000074432464e-05,0.0,0.05680949999987206,0.0,29.49206382688782,0.0,0.9994032687887799,0.0,9.0,0.0,0.0,0.0,1.0,0.0,16.0,0.0,16.0,0.0,27.0,0.0,36.0,0.0,72.0,0.0,0.0,0.0,0.0,0.0,2.6375446901360654e-09,0.0,0.0,0.0,0.0,0.0,0.0,0.0,0.0,0.0,0.0,0.0
ablation_probe,ablate_ring_8,ring,"num_nodes=8, phys_dim=3, bond_dim=4, open_legs_per_node=1",ASTNC-L2-no-implicit,1,1,1.0,4.273663529339475e-15,0.0,2.1541594773098242e-19,0.0,1.8264199970953154e-29,0.0,-287.38399346491207,0.0,0.042517199999110744,0.0,2.9499999527615728e-05,0.0,0.04254669999863836,0.0,40.432806775026414,0.0,0.9993066442161703,0.0,9.0,0.0,0.0,0.0,1.0,0.0,16.0,0.0,16.0,0.0,27.0,0.0,36.0,0.0,12.0,0.0,0.0,0.0,0.0,0.0,2.6375446901360654e-09,0.0,135.0,0.0,60.0,0.0,75.0,0.0,0.4444444444444444,0.0,75.0,0.0
main,main_chain_8,chain,"num_nodes=8, phys_dim=3, bond_dim=4, open_legs_per_node=1",ASTNC-L2,2,2,1.0,2.6269461071738444e-15,3.3013518573614494e-16,1.639913083040384e-19,1.104543625835692e-19,6.955340474489582e-30,1.7344946857898792e-30,-291.64540824342953,1.094465480854822,0.017557199999714612,0.0011866666001977574,3.1399999784298416e-05,9.899497966389731e-07,0.01758859999949891,0.0011876565499943964,50.67632237088446,3.5134124893681924,0.9982125780526568,6.441067433989168e-05,9.0,0.0,0.0,0.0,1.0,0.0,16.0,0.0,4.0,0.0,18.0,0.0,45.0,0.0,12.0,0.0,0.0,0.0,0.0,0.0,0.0,0.0,135.0,0.0,60.0,0.0,75.0,0.0,0.4444444444444444,0.0,75.0,0.0
main,main_chain_8,chain,"num_nodes=8, phys_dim=3, bond_dim=4, open_legs_per_node=1",exact,2,2,1.0,0.0,0.0,0.0,0.0,0.0,0.0,,,0.8771842499998002,0.002948281724149572,4.524999997101986e-05,3.5355334950627033e-07,0.8772294999997712,0.002948635277499078,1.0090899809425875,0.006646761763518523,0.9999484175322485,2.296496701870778e-07,9.0,0.0,,,,,,,,,,,,,,,,,,,,,,,,,,,,,,
main,main_chain_8,chain,"num_nodes=8, phys_dim=3, bond_dim=4, open_legs_per_node=1",fixed-rank baseline,2,2,1.0,3.0734696068313373e-15,1.1744747060501601e-15,1.720467131588323e-19,7.753229340150583e-20,1.0135910848572191e-29,7.219424634068187e-30,-290.57668455499174,3.403681767923245,0.013073200000008,5.091168683067202e-06,3.0150000043249747e-05,3.5355334950627033e-07,0.01310335000005125,5.444722032573473e-06,67.52170366984306,0.30640562993109227,0.9976990670180406,2.6025818510240582e-05,9.0,0.0,0.0,0.0,1.0,0.0,4.0,0.0,9.0,0.0,27.0,0.0,36.0,0.0,12.0,0.0,0.0,0.0,0.0,0.0,0.0,0.0,135.0,0.0,60.0,0.0,75.0,0.0,0.4444444444444444,0.0,75.0,0.0
main,main_grid2d_3x3,grid2d,"grid_shape=[3,3], phys_dim=3, bond_dim=4, open_legs_per_node=1",ASTNC-L1,2,2,1.0,2.2323310601799073e-14,5.090674266113348e-15,4.144752735161929e-20,1.977731720447674e-20,5.112876824098715e-28,2.2728140638856356e-28,-273.13924638331173,1.9981967994442629,0.1935481500000833,0.006200548653189812,9.195000029649236e-05,3.5567470851145515e-05,0.1936401000003798,0.006236116124040958,117.2224828630458,0.9457662273859457,0.9995278628132473,0.0001684732063650341,9.0,0.0,0.0,0.0,1.0,0.0,16.0,0.0,64.0,0.0,30.0,0.0,36.0,0.0,13.0,0.0,0.0,0.0,0.0,0.0,2.647362696562443e-09,1.8867690942894803e-10,141.0,0.0,62.0,0.0,79.0,0.0,0.4397163120567376,0.0,79.0,0.0
main,main_grid2d_3x3,grid2d,"grid_shape=[3,3], phys_dim=3, bond_dim=4, open_legs_per_node=1",ASTNC-L2,2,2,1.0,0.0040471002874813014,0.0005855674440900541,7.434120264035109e-09,2.977444755632036e-09,1.655046548320148e-05,4.739700345741321e-06,-47.90281926437518,1.2611579425518453,0.28017285000032643,0.11550935752993093,0.00014310000005934853,6.095260433615663e-05,0.2803159500003858,0.11557031013426708,100.1022534317548,12.952752608030284,0.9994910754361778,7.620096752450019e-06,9.0,0.0,0.0,0.0,1.0,0.0,16.0,0.0,64.0,0.0,30.0,0.0,36.0,0.0,13.0,0.0,0.0,0.0,0.0,0.0,0.0004139183716044139,7.972270388436058e-05,141.0,0.0,62.0,0.0,79.0,0.0,0.4397163120567376,0.0,79.0,0.0
main,main_grid2d_3x3,grid2d,"grid_shape=[3,3], phys_dim=3, bond_dim=4, open_legs_per_node=1",ASTNC-L3,2,2,1.0,0.018059317306193826,0.000910894820514269,3.233644137612346e-08,6.934285942766398e-09,0.0003265538089637438,3.290027816687714e-05,-34.87150134502346,0.4382939437236365,0.39638415000013083,0.08070966297970601,0.00013440000032005628,5.68513854497284e-05,0.3965185500004509,0.08076651436515574,80.12014500416613,12.37920756856003,0.9996687809887757,7.591064887518286e-05,9.0,0.0,0.0,0.0,1.0,0.0,16.0,0.0,64.0,0.0,30.0,0.0,36.0,0.0,13.0,0.0,0.0,0.0,0.0,0.0,0.002725899275647651,0.00037136000650198514,141.0,0.0,62.0,0.0,79.0,0.0,0.4397163120567376,0.0,79.0,0.0
main,main_grid2d_3x3,grid2d,"grid_shape=[3,3], phys_dim=3, bond_dim=4, open_legs_per_node=1",exact,2,2,1.0,0.0,0.0,0.0,0.0,0.0,0.0,,,33.08458310000003,0.14313722155259387,0.00011504999997669074,2.8354981749485753e-05,33.08469815000001,0.14310886657084437,0.9543336812448121,0.008158521235080266,0.9999965206754339,8.720921017111632e-07,9.0,0.0,,,,,,,,,,,,,,,,,,,,,,,,,,,,,,
main,main_grid2d_3x3,grid2d,"grid_shape=[3,3], phys_dim=3, bond_dim=4, open_legs_per_node=1",fixed-rank baseline,2,2,1.0,0.979926045048616,0.00033434953062588504,1.766440037670159e-06,4.659611441294186e-07,0.9602551175259999,0.0006552735591059238,-0.17613420212426448,0.0029636052726961714,0.06256759999996575,0.00035129064877828503,0.00017459999980928842,1.8384774817435929e-06,0.06274219999977504,0.0003531291262600286,504.0476829426427,8.080801092835948,0.9972172223402543,1.3639904851572463e-05,9.0,0.0,0.0,0.0,1.0,0.0,4.0,0.0,4.0,0.0,12.0,0.0,54.0,0.0,13.0,0.0,0.0,0.0,0.0,0.0,0.0,0.0,141.0,0.0,62.0,0.0,79.0,0.0,0.4397163120567376,0.0,79.0,0.0
main,main_random_8,random_connected,"num_nodes=8, phys_dim=3, bond_dim=4, edge_prob=0.35, open_legs_per_node=1",ASTNC-L1,2,2,1.0,5.8532621541332876e-15,3.277740874630529e-15,9.084328201860468e-20,6.058243019997354e-20,3.963247052736751e-29,3.8370953280236865e-29,-285.392692158352,5.145149002828525,0.03528215000028467,0.0037938400137390665,3.199999980552093e-05,1.8384776425210606e-06,0.035314150000090194,0.003795678491381587,14.832819263857491,7.560464148794062,0.9990913970683984,4.559891607518196e-05,9.0,0.0,0.0,0.0,1.0,0.0,16.0,0.0,54.0,38.18376618407357,24.0,16.97056274847714,24.0,4.242640687119285,12.0,0.0,0.0,0.0,0.0,0.0,1.8508891189360904e-09,1.0265636163488975e-10,105.0,42.42640687119285,45.0,21.213203435596427,60.0,21.213203435596427,0.4222222222222222,0.03142696805273541,60.0,21.213203435596427
main,main_random_8,random_connected,"num_nodes=8, phys_dim=3, bond_dim=4, edge_prob=0.35, open_legs_per_node=1",ASTNC-L2,2,2,1.0,4.240299836890253e-15,9.966676899886941e-16,6.445435408881987e-20,2.326285042518569e-20,1.8476815978683628e-29,8.452339696608062e-30,-287.57372379913994,2.060704476461402,0.03477410000027703,0.003144221013179881,3.1950000220604124e-05,1.3435021814804368e-06,0.034806050000497635,0.0031455645153613612,15.178272808946641,8.551233084019618,0.9990800434464285,4.454054709003495e-05,9.0,0.0,0.0,0.0,1.0,0.0,16.0,0.0,54.0,38.18376618407357,24.0,16.97056274847714,24.0,4.242640687119285,12.0,0.0,0.0,0.0,0.0,0.0,1.7397536524264734e-09,5.4512922363671915e-11,105.0,42.42640687119285,45.0,21.213203435596427,60.0,21.213203435596427,0.4222222222222222,0.03142696805273541,60.0,21.213203435596427
main,main_random_8,random_connected,"num_nodes=8, phys_dim=3, bond_dim=4, edge_prob=0.35, open_legs_per_node=1",ASTNC-L3,2,2,1.0,0.018973764115516416,0.02079847377443605,3.0448398313316145e-07,3.486703154376322e-07,0.0005762919812567677,0.000789250671904965,-38.424964826643524,12.689083476181656,0.0346092500000168,0.003071601147023798,3.350000008595089e-05,1.979898789390607e-06,0.03464275000010275,0.0030735810458131885,15.318922019432877,8.108694066504244,0.9990317109836183,2.87568388248555e-05,9.0,0.0,0.0,0.0,1.0,0.0,16.0,0.0,53.0,36.76955262170047,21.0,19.79898987322333,27.0,1.4142135623730951,12.0,0.0,0.0,0.0,0.0,0.0,0.0021247930495435154,0.0026924087612644446,105.0,42.42640687119285,45.0,21.213203435596427,60.0,21.213203435596427,0.4222222222222222,0.03142696805273541,60.0,21.213203435596427
main,main_random_8,random_connected,"num_nodes=8, phys_dim=3, bond_dim=4, edge_prob=0.35, open_legs_per_node=1",exact,2,2,1.0,0.0,0.0,0.0,0.0,0.0,0.0,,,0.5596092500002214,0.34382494478709863,4.409999996823899e-05,8.202439380631136e-06,0.5596533500001897,0.34381674234771803,0.9950006274854486,0.02894294438026049,0.9998973236001055,7.773437737531506e-05,9.0,0.0,,,,,,,,,,,,,,,,,,,,,,,,,,,,,,
main,main_random_8,random_connected,"num_nodes=8, phys_dim=3, bond_dim=4, edge_prob=0.35, open_legs_per_node=1",fixed-rank baseline,2,2,1.0,0.898413444449647,0.052475890815980905,1.3500136356678381e-05,2.5533117763635873e-06,0.8085235780612992,0.09429009161714984,-0.9378898209094666,0.5076273479687403,0.017389099999945756,0.0042702178514959985,3.129999993234378e-05,1.5556347056720958e-06,0.0174203999998781,0.0042686622167903265,34.31325715824164,27.196771298075674,0.9981363652477053,0.0005459611695605111,9.0,0.0,0.0,0.0,1.0,0.0,4.0,0.0,9.0,0.0,21.0,8.48528137423857,27.0,12.727922061357855,12.0,0.0,0.0,0.0,0.0,0.0,0.0,0.0,105.0,42.42640687119285,45.0,21.213203435596427,60.0,21.213203435596427,0.4222222222222222,0.03142696805273541,60.0,21.213203435596427
main,main_ring_8,ring,"num_nodes=8, phys_dim=3, bond_dim=4, open_legs_per_node=1",ASTNC-L1,2,2,1.0,4.308868979556829e-15,4.978802516683302e-17,1.6313518821764775e-19,7.393615915492411e-20,1.8567591320315163e-29,4.290601609744299e-31,-287.3130241534897,0.10036576272576085,0.04453355000009651,0.0015691406583254659,2.9450000511133112e-05,3.535535102837381e-07,0.044563000000607644,0.0015694942118357495,37.02591424337252,1.5469524868459543,0.9993388674859173,1.535107923174168e-05,9.0,0.0,0.0,0.0,1.0,0.0,16.0,0.0,16.0,0.0,27.0,0.0,36.0,0.0,12.0,0.0,0.0,0.0,0.0,0.0,2.1372274940491354e-09,7.075553641946159e-10,135.0,0.0,60.0,0.0,75.0,0.0,0.4444444444444444,0.0,75.0,0.0
main,main_ring_8,ring,"num_nodes=8, phys_dim=3, bond_dim=4, open_legs_per_node=1",ASTNC-L2,2,2,1.0,4.308868979556829e-15,4.978802516683302e-17,1.6313518821764775e-19,7.393615915492411e-20,1.8567591320315163e-29,4.290601609744299e-31,-287.3130241534897,0.10036576272576085,0.0472924000000603,0.0015185825233973028,3.190000029462681e-05,1.9798992717230107e-06,0.047324300000354924,0.001520562422669026,35.77548531584883,0.7218378844691272,0.9993262520082244,2.0188854204963223e-05,9.0,0.0,0.0,0.0,1.0,0.0,16.0,0.0,16.0,0.0,27.0,0.0,36.0,0.0,12.0,0.0,0.0,0.0,0.0,0.0,2.1372274940491354e-09,7.075553641946159e-10,135.0,0.0,60.0,0.0,75.0,0.0,0.4444444444444444,0.0,75.0,0.0
main,main_ring_8,ring,"num_nodes=8, phys_dim=3, bond_dim=4, open_legs_per_node=1",ASTNC-L3,2,2,1.0,0.012977376042315674,0.0004595715552962598,4.886033910453573e-07,2.1092580223422355e-07,0.0001685178920757045,1.1928065848481429e-05,-37.73898631137096,0.30766022969445816,0.04651884999998401,0.0027374224822587904,9.9800000043615e-05,9.913637090615785e-05,0.04661865000002763,0.0028365588531649483,35.89408226986975,2.1222252760000684,0.9979200713536965,0.0019999835020635807,9.0,0.0,0.0,0.0,1.0,0.0,16.0,0.0,16.0,0.0,26.5,0.7071067811865476,36.5,0.7071067811865476,12.0,0.0,0.0,0.0,0.0,0.0,0.0014397972269646793,0.00024744800224713346,135.0,0.0,60.0,0.0,75.0,0.0,0.4444444444444444,0.0,75.0,0.0
main,main_ring_8,ring,"num_nodes=8, phys_dim=3, bond_dim=4, open_legs_per_node=1",exact,2,2,1.0,0.0,0.0,0.0,0.0,0.0,0.0,,,2.258300000000304,0.04531875644891654,5.90499996633298e-05,2.1213204185925574e-07,2.2583590499999673,0.045318968580958394,0.7388152921569103,0.006156420862188779,0.9999738483729192,4.308582925049107e-07,9.0,0.0,,,,,,,,,,,,,,,,,,,,,,,,,,,,,,
main,main_ring_8,ring,"num_nodes=8, phys_dim=3, bond_dim=4, open_legs_per_node=1",fixed-rank baseline,2,2,1.0,0.7923165444452757,0.02151813027111807,3.02672521378587e-05,1.475982522930363e-05,0.6279970220187596,0.03409834105137804,-2.023627444621625,0.23592475285157197,0.01960349999990285,0.0005209962764777008,2.9500000323423592e-05,1.1313706219535843e-06,0.019633000000226275,0.0005198649058557472,84.01527507110967,2.1801647616814854,0.9984961375772602,9.744694741766338e-05,9.0,0.0,0.0,0.0,1.0,0.0,4.0,0.0,9.0,0.0,27.0,0.0,36.0,0.0,12.0,0.0,0.0,0.0,0.0,0.0,0.0,0.0,135.0,0.0,60.0,0.0,75.0,0.0,0.4444444444444444,0.0,75.0,0.0
main,main_tree_8,tree,"num_nodes=8, phys_dim=3, bond_dim=4, open_legs_per_node=1",ASTNC-L2,2,2,1.0,0.0059408539835445456,0.008401636275602302,2.68596804360215e-07,3.798532435358008e-07,7.058749214610502e-05,9.982578872692604e-05,-164.10794458835636,177.63303281925698,0.021221699999728116,0.004242216422774464,2.6549999915914668e-05,6.717513962174071e-06,0.02124824999964403,0.004248933936736638,41.84764548098177,9.534877887009026,0.9987572477279296,6.763576569244059e-05,9.0,0.0,0.0,0.0,1.0,0.0,16.0,0.0,14.0,2.8284271247461903,20.0,1.4142135623730951,37.0,1.4142135623730951,12.0,0.0,0.0,0.0,0.0,0.0,0.00026647486942761773,0.0003768509260389537,123.0,0.0,54.0,0.0,69.0,0.0,0.43902439024390244,0.0,69.0,0.0
main,main_tree_8,tree,"num_nodes=8, phys_dim=3, bond_dim=4, open_legs_per_node=1",exact,2,2,1.0,0.0,0.0,0.0,0.0,0.0,0.0,,,0.8713438499999029,0.02292107844429445,4.3849999656231375e-05,2.8991376910398715e-06,0.8713876999995591,0.02292397758198549,1.0240807789251436,0.028532968289768673,0.9999497043254704,2.003885039519336e-06,9.0,0.0,,,,,,,,,,,,,,,,,,,,,,,,,,,,,,
main,main_tree_8,tree,"num_nodes=8, phys_dim=3, bond_dim=4, open_legs_per_node=1",fixed-rank baseline,2,2,1.0,0.6551078465201017,0.024490483113498766,4.9921987311510744e-05,2.9820562022289526e-05,0.4294661826177083,0.032087815223114644,-3.6767797885361673,0.3247880531105327,0.018067549999841503,0.0002564676292827471,2.939999978934793e-05,7.636753667710674e-06,0.01809694999963085,0.0002488308756150364,47.93102509544218,0.17510181289709847,0.9983723617844689,0.0004443710299130953,9.0,0.0,0.0,0.0,1.0,0.0,4.0,0.0,6.5,3.5355339059327378,16.5,6.363961030678928,40.5,6.363961030678928,12.0,0.0,0.0,0.0,0.0,0.0,0.0,0.0,123.0,0.0,54.0,0.0,69.0,0.0,0.43902439024390244,0.0,69.0,0.0
stress,stress_grid2d_3x4,grid2d,"grid_shape=[3,4], phys_dim=3, bond_dim=4, open_legs_per_node=1",ASTNC-L2,1,0,0.0,,,,,,,,,,,,,,,,,,,,,,,,,,,,,,,,,,,,,,,,,,,,,,,,,,
stress,stress_random_10,random_connected,"num_nodes=10, phys_dim=3, bond_dim=4, edge_prob=0.35, open_legs_per_node=1",ASTNC-L2,1,0,0.0,,,,,,,,,,,,,,,,,,,,,,,,,,,,,,,,,,,,,,,,,,,,,,,,,,
stress,stress_random_10,random_connected,"num_nodes=10, phys_dim=3, bond_dim=4, edge_prob=0.35, open_legs_per_node=1",exact,1,0,0.0,,,,,,,,,,,,,,,,,,,,,,,,,,,,,,,,,,,,,,,,,,,,,,,,,,
stress,stress_ring_10,ring,"num_nodes=10, phys_dim=3, bond_dim=4, open_legs_per_node=1",ASTNC-L2,1,0,0.0,,,,,,,,,,,,,,,,,,,,,,,,,,,,,,,,,,,,,,,,,,,,,,,,,,
stress,stress_ring_10,ring,"num_nodes=10, phys_dim=3, bond_dim=4, open_legs_per_node=1",ASTNC-L3,1,0,0.0,,,,,,,,,,,,,,,,,,,,,,,,,,,,,,,,,,,,,,,,,,,,,,,,,,
stress,stress_ring_10,ring,"num_nodes=10, phys_dim=3, bond_dim=4, open_legs_per_node=1",exact,1,0,0.0,,,,,,,,,,,,,,,,,,,,,,,,,,,,,,,,,,,,,,,,,,,,,,,,,,
toy,toy_chain_6,chain,"num_nodes=6, phys_dim=2, bond_dim=3, open_legs_per_node=1",ASTNC-L2,2,2,1.0,2.199271270161626e-15,1.3458814658689074e-15,2.9626356730698337e-18,2.59362877353685e-18,5.742492580873382e-30,5.919916882705832e-30,-294.05486387790444,5.690375188356771,0.005790999999931046,9.107535315472866e-05,6.899999902998388e-06,1.4142130764701457e-07,0.005797899999834044,9.093393184708165e-05,0.8594257876284093,0.030016841476619593,0.998809576085016,4.306235615752734e-05,4.0,0.0,0.0,0.0,1.0,0.0,16.0,0.0,3.0,0.0,8.0,0.0,12.0,0.0,8.0,0.0,0.0,0.0,0.0,0.0,0.0,0.0,44.0,0.0,16.0,0.0,28.0,0.0,0.36363636363636365,0.0,28.0,0.0
toy,toy_chain_6,chain,"num_nodes=6, phys_dim=2, bond_dim=3, open_legs_per_node=1",exact,2,2,1.0,0.0,0.0,0.0,0.0,0.0,0.0,,,0.006564249999769345,0.0002653771748800583,8.599999887337617e-06,4.2426360138610817e-07,0.0065728499996566825,0.00026495291127867225,0.8550949890402342,0.01690036763228363,0.998689221308783,0.00011738564421663902,4.0,0.0,,,,,,,,,,,,,,,,,,,,,,,,,,,,,,
toy,toy_chain_6,chain,"num_nodes=6, phys_dim=2, bond_dim=3, open_legs_per_node=1",fixed-rank baseline,2,2,1.0,9.487802676415733e-16,4.494407260152166e-16,1.249456816948122e-18,9.597234256841405e-19,1.0011824795532988e-30,8.528409847439783e-31,-300.9735239707044,4.279687503000014,0.004640150000000176,0.00033509790382743414,7.60000011723605e-06,5.656855521429938e-07,0.004647750000117412,0.00033566358937957714,1.1762190723811594,0.01949687026579804,0.9983649308653725,3.6259216880935973e-06,4.0,0.0,0.0,0.0,1.0,0.0,4.0,0.0,8.0,0.0,16.0,0.0,4.0,0.0,8.0,0.0,0.0,0.0,0.0,0.0,0.0,0.0,44.0,0.0,16.0,0.0,28.0,0.0,0.36363636363636365,0.0,28.0,0.0
toy,toy_grid2d_2x3,grid2d,"grid_shape=[2,3], phys_dim=2, bond_dim=3, open_legs_per_node=1",ASTNC-L2,2,2,1.0,2.7985839753737693e-15,2.0041365419169404e-15,4.691958337485059e-18,5.4431214404966204e-18,9.84035390802966e-30,1.1217488822337462e-29,-292.34794246694685,6.852406087084652,0.005571800000211624,5.444722209428687e-05,6.749999784005922e-06,7.07105734347734e-08,0.00557854999999563,5.4517932667721645e-05,1.153575853132558,0.07408289524601885,0.9987900121717758,8.504967215710841e-07,4.0,0.0,0.0,0.0,1.0,0.0,16.0,0.0,8.0,0.0,14.0,0.0,4.0,0.0,8.0,0.0,0.0,0.0,0.0,0.0,1.05972321961833e-09,5.089091479143601e-10,40.0,0.0,14.0,0.0,26.0,0.0,0.35,0.0,26.0,0.0
toy,toy_grid2d_2x3,grid2d,"grid_shape=[2,3], phys_dim=2, bond_dim=3, open_legs_per_node=1",exact,2,2,1.0,0.0,0.0,0.0,0.0,0.0,0.0,,,0.006196299999942312,3.917371572353033e-05,8.100000059130252e-06,2.9698485860295803e-06,0.006204400000001442,4.214356430955991e-05,1.3743076560783605,0.1259704890769599,0.9986960703211472,0.0004698111568053685,4.0,0.0,,,,,,,,,,,,,,,,,,,,,,,,,,,,,,
toy,toy_grid2d_2x3,grid2d,"grid_shape=[2,3], phys_dim=2, bond_dim=3, open_legs_per_node=1",fixed-rank baseline,2,2,1.0,7.384156199826658e-16,1.8029505767822943e-16,1.0635601731308448e-18,9.768164931844982e-19,5.615107818686894e-31,2.6626537354787452e-31,-302.76540654896775,2.142245371448637,0.004047999999897911,0.00018285781349080228,6.549999966409814e-06,7.071073421224117e-08,0.004054549999864321,0.00018278710275659003,1.5743577471724601,0.16590016442839284,0.9983824939129082,9.036020902068937e-05,4.0,0.0,0.0,0.0,1.0,0.0,4.0,0.0,8.0,0.0,14.0,0.0,4.0,0.0,8.0,0.0,0.0,0.0,0.0,0.0,0.0,0.0,40.0,0.0,14.0,0.0,26.0,0.0,0.35,0.0,26.0,0.0
toy,toy_random_6,random_connected,"num_nodes=6, phys_dim=2, bond_dim=3, edge_prob=0.35, open_legs_per_node=1",ASTNC-L2,2,2,1.0,1.3522493532733986e-15,5.663413401366417e-16,1.2637156995355765e-18,1.3057113068489143e-18,1.9889495722284772e-30,1.531669424589716e-30,-297.7775004573233,3.7500946967035023,0.0065581500001599125,0.0003853024852453134,6.849999863334233e-06,7.07105734347734e-08,0.006565000000023247,0.0003852317746718786,1.1630456630567578,0.21620635648622097,0.9989544717875041,7.212205059106328e-05,4.0,0.0,0.0,0.0,1.0,0.0,16.0,0.0,6.0,2.8284271247461903,14.0,2.8284271247461903,6.0,2.8284271247461903,8.0,0.0,0.0,0.0,0.0,0.0,9.372190781101237e-10,1.325427931178146e-09,44.0,0.0,16.0,0.0,28.0,0.0,0.36363636363636365,0.0,28.0,0.0
toy,toy_random_6,random_connected,"num_nodes=6, phys_dim=2, bond_dim=3, edge_prob=0.35, open_legs_per_node=1",exact,2,2,1.0,0.0,0.0,0.0,0.0,0.0,0.0,,,0.007414150000045083,0.0004229205659416167,7.600000003549212e-06,4.242639229410437e-07,0.0074217500000486325,0.00042249630201867565,1.280601239226666,0.04282996859824521,0.9989726909317296,0.0001156463374802396,4.0,0.0,,,,,,,,,,,,,,,,,,,,,,,,,,,,,,
toy,toy_random_6,random_connected,"num_nodes=6, phys_dim=2, bond_dim=3, edge_prob=0.35, open_legs_per_node=1",fixed-rank baseline,2,2,1.0,7.285436109165702e-16,2.076503168670994e-16,7.533378460979824e-19,8.249240626385128e-19,5.523351205664067e-31,3.0256462398802482e-31,-302.9309756119625,2.510022626059113,0.00491280000005645,0.0006710443358223054,7.800000162205833e-06,4.2426424449597925e-07,0.004920600000218656,0.0006714686000668013,1.6731133126973399,0.47097174413378007,0.9984058675961185,0.00013131439436239175,4.0,0.0,0.0,0.0,1.0,0.0,4.0,0.0,8.0,0.0,16.0,0.0,4.0,0.0,8.0,0.0,0.0,0.0,0.0,0.0,0.0,0.0,44.0,0.0,16.0,0.0,28.0,0.0,0.36363636363636365,0.0,28.0,0.0
toy,toy_ring_6,ring,"num_nodes=6, phys_dim=2, bond_dim=3, open_legs_per_node=1",ASTNC-L2,2,2,1.0,0.0004122848391403515,0.0005038606065907949,6.582918706462636e-07,6.284536377039947e-07,2.9691654407357476e-07,4.154681783475286e-07,-73.66117312450527,16.086424879439896,0.006308449999892218,0.0005144201830192864,6.800000051043753e-06,2.8284245451656137e-07,0.006315249999943262,0.0005147030254738029,1.5029281051173582,0.08011111614780533,0.9989214842821086,4.3113550288971826e-05,4.0,0.0,0.0,0.0,1.0,0.0,16.0,0.0,8.0,0.0,15.0,0.0,5.0,0.0,8.0,0.0,0.0,0.0,0.0,0.0,7.85957777567868e-05,1.4121775339005637e-05,44.0,0.0,16.0,0.0,28.0,0.0,0.36363636363636365,0.0,28.0,0.0
toy,toy_ring_6,ring,"num_nodes=6, phys_dim=2, bond_dim=3, open_legs_per_node=1",exact,2,2,1.0,0.0,0.0,0.0,0.0,0.0,0.0,,,0.00879999999995107,0.0013229967873949451,9.299999874201603e-06,8.48528167437023e-07,0.00880929999982527,0.0013238453155623824,1.2429810975678164,0.05634099901841485,0.9989395607128622,6.303899461099486e-05,4.0,0.0,,,,,,,,,,,,,,,,,,,,,,,,,,,,,,
toy,toy_ring_6,ring,"num_nodes=6, phys_dim=2, bond_dim=3, open_legs_per_node=1",fixed-rank baseline,2,2,1.0,8.880995560340694e-16,2.9714284841375037e-16,2.58376628144249e-18,2.278365056337221e-18,8.328677576891473e-31,5.277848635090811e-31,-301.2809219999193,2.962268290857994,0.004189350000046943,0.0003492400394154596,6.850000204394746e-06,3.535536710612059e-07,0.004196200000251338,0.00034959359308652085,2.0729551124142853,0.21616097062597023,0.9983654073687815,5.192541824846715e-05,4.0,0.0,0.0,0.0,1.0,0.0,4.0,0.0,8.0,0.0,16.0,0.0,4.0,0.0,8.0,0.0,0.0,0.0,0.0,0.0,0.0,0.0,44.0,0.0,16.0,0.0,28.0,0.0,0.36363636363636365,0.0,28.0,0.0
toy,toy_tree_6,tree,"num_nodes=6, phys_dim=2, bond_dim=3, open_legs_per_node=1",ASTNC-L2,2,2,1.0,1.85002339858327e-15,1.4796423483098607e-15,4.333078143162684e-18,9.352676608098265e-19,4.517257315601656e-30,5.474745932967207e-30,-296.33032725296545,7.8731584952761775,0.005632799999943927,0.0014777117513388985,6.950000056349381e-06,6.36396286355235e-07,0.0056397500000002765,0.0014783481476252538,1.159479365126602,0.45026437256578594,0.9987391472533467,0.00021766621496881728,4.0,0.0,0.0,0.0,1.0,0.0,16.0,0.0,5.5,3.5355339059327378,7.0,1.4142135623730951,10.0,2.8284271247461903,8.0,0.0,0.0,0.0,0.0,0.0,0.0,0.0,38.0,8.48528137423857,13.0,4.242640687119285,25.0,4.242640687119285,0.3380681818181818,0.03615886949249392,25.0,4.242640687119285
toy,toy_tree_6,tree,"num_nodes=6, phys_dim=2, bond_dim=3, open_legs_per_node=1",exact,2,2,1.0,0.0,0.0,0.0,0.0,0.0,0.0,,,0.006566249999991669,0.00018858537862100218,7.899999900473631e-06,4.2426376216357594e-07,0.006574149999892143,0.00018816111485883862,1.1219469165186295,0.36567255476507765,0.9987969072828593,9.896930082387383e-05,4.0,0.0,,,,,,,,,,,,,,,,,,,,,,,,,,,,,,
toy,toy_tree_6,tree,"num_nodes=6, phys_dim=2, bond_dim=3, open_legs_per_node=1",fixed-rank baseline,2,2,1.0,8.89159538755681e-16,1.6782911026131996e-16,3.0326689329687896e-18,2.48194206493796e-18,8.046879905978617e-31,2.984537086642096e-31,-301.09846582137425,1.6493042470304558,0.004039899999952468,0.0009618066440265973,6.899999902998388e-06,4.2426424449597925e-07,0.004046799999855466,0.0009622309082710933,1.5759686465902099,0.56967598544765,0.998258173932937,0.0003093245610851225,4.0,0.0,0.0,0.0,1.0,0.0,4.0,0.0,8.0,0.0,13.0,4.242640687119285,4.0,0.0,8.0,0.0,0.0,0.0,0.0,0.0,0.0,0.0,38.0,8.48528137423857,13.0,4.242640687119285,25.0,4.242640687119285,0.3380681818181818,0.03615886949249392,25.0,4.242640687119285
